id_venda,data,cliente,categoria,canal,uf,quantidade,preco_unit,desconto_pct,valor_total
1,2024-08-08,CLI-0069,Limpeza,,BA,1,,0.45,50.63
2,2024-11-12,CLI-0050,Limpeza,Loja,RJ,4,111.06,4.91,422.43
3,2024-09-08,CLI-0149,Padaria,Loja,,5,10.73,4.86,5104.00
4,2024-04-07,CLI-0044,Bebidas,,SP,2,87.89,2.87,170.74
5,2024-06-27,CLI-0140,  Hortifruti ,Loja,SP,1,8.10,,8.07
6,2024-03-30,  CLI-0127 ,Padaria,Loja,GO,4,3.98,3.84,15.31
7,2024-04-14,CLI-0232,Mercearia,Loja,,3,71.09,,209.45
8,2024-12-11,CLI-0091,Limpeza,App,,1,4.40,0.00,4.40
9,2024-08-11,CLI-0177,Frios,Loja,,6,82.02,7.03,457.52
10,2024-07-09,CLI-0109,Frios,Loja,MA,2,207.34,1.92,406.72
11,2024-05-03,CLI-0211,Padaria,,MG,1,35.85,0.70,35.60
12,2024-12-29,CLI-0175,Frios,Loja,SP,1,39.06,N/A,39.06
13,14/10/2024,CLI-0244,Frios,Loja,SP ,4,27.92,3.75,107.49
14,2024-09-16,CLI-0084,Padaria,,PR,1,7.73,0.00,7.73
15,18/08/2024,CLI-0216,Frios,Loja,sp,2,107.51,1.17,212.50
16,2024-01-04,CLI-0151,Hortifruti,Site,SP,6,47.67,8.14,262.74
17,2024-03-08,CLI-0085,Bebidas,Site,SP ,1,65.59,0.00,65.59
18,2024-03-21,CLI-0141,Higiene,Site,SP,1,145.03,0.00,145.03
19,2024-05-24,CLI-0224,Limpeza,,RJ,2,54.39,1.01,107.68
20,2024-06-30,CLI-0075,Padaria,,RJ,1,19.61,0.00,19.61
21,2024-09-01,CLI-0079,Mercearia,Loja,SP,1,82.56,0.00,82.56
22,2024-07-30,CLI-0203,Bebidas,Site,MA,3,,3.05,35.57
23,2024-02-26,CLI-0037,Frios,Site,MG,6,127.07,8.61,696.78
24,2024-10-22,CLI-0215,Bebidas,,NULL,10,31.34,15.96,263.38
25,2024-09-29,CLI-0191,Bebidas,Loja,,2,3.36,3.41,6.49
26,2024-10-25,CLI-0112,Padaria,App,-,3,56.42,,161.42
27,06/09/2024,CLI-0038,mercearia,null,GO,1,?,0.00,61.12
28,2024-01-08,CLI-0117,Bebidas,Site,GO,8,70.52,12.20,495.33
29,2024-02-23,CLI-0143,Mercearia,Loja,,1,3.03,0.78,3.01
30,2024-10-17,CLI-0118,Hortifruti,Loja,MG,2,22.05,1.49,43.44
31,2024-06-04,CLI-0133,MERCEARIA,,SP,2,3.76,sem informacao,7.38
32,2024-08-24,CLI-0018,Limpeza,,ES,1,4.00,1.33,3.95
33,06/06/2024,CLI-0058,  Limpeza ,Loja,RJ,1,90.54,,89.88
34,2024-07-25,CLI-0138,Bebidas,--,CE,3,77.42,4.37,222.11
35,2024-07-11,CLI-0169,Bebidas,Loja,SP,1,2.66,0.61,2.64
36,2024-07-24,CLI-0209,Higiene,Loja,RJ,1,12.65,0.13,12.63
37,2024-03-16,CLI-0234,Higiene,Televendas,,2,6.27,2.30,12.25
38,27/07/2024,CLI-0172,Hortifruti,Loja,BA,4,sem informacao,5.10,38.38
39,2024-07-18,CLI-0167,Higiene,,RS,1,,1.31,68.58
40,2024-05-21,CLI-0134,Frios,Loja,RJ,2,144.96,2.85,281.66
41,2024-08-14,CLI-0122,Frios,Site,,1,6.70,0.00,6.70
42,2024-08-18,CLI-0226,Hortifruti,App,go,1,26.77,0.16,26.73
43,2024-06-21,CLI-0111,Bebidas,Site,MG,3,128.99,3.69,372.69
44,2024-09-19,CLI-0094,Limpeza,Loja,SP,1,,1.18,4.67
45,2024-11-02,CLI-0068,Padaria,Loja,PE,1,1.50,1.28,1.48
46,2024-08-17,CLI-0060,Frios,App,RS,1,14.38,0.00,14.38
47,2024-04-12,CLI-0028,Mercearia,Site,,2,36.14,2.65,70.36
48,2024-09-09,CLI-0061,Frios,Loja,RJ,1,--,0.00,6.04
49,2024-12-28,CLI-0184,Padaria,sem informacao,,3,,4.35,14.43
50,2024-05-17,CLI-0194,Bebidas,App,SP,1,25.37,--,25.37
51,2024-11-14,CLI-0139,Hortifruti,Site,SP,1,60.58,0.63,60.20
52,2024-03-16,CLI-0139,Hortifruti,Loja,RS,3,2.07,2.21,6.07
53,2024-12-03,CLI-0071,Limpeza,APP,RS,8,,sem informacao,29.00
54,2024-04-29,CLI-0046,Hortifruti,App,MG,5,2.98,,13.85
55,2024-07-04,CLI-0053,Bebidas,App,  AM ,1,2.62,0.00,2.62
56,2024-07-05,CLI-0208,Padaria,Site,PB,1,?,0.00,28.63
57,2024-03-15,CLI-0125,Limpeza,,,2,17.84,0.00,35.68
58,2024-11-11,CLI-0167,Mercearia,Loja,SP,2,6.77,0.07,13.53
59,2024-11-25,CLI-0138,Hortifruti,Site,RS,1,,0.00,38.10
60,2024-07-06,CLI-0001,Limpeza,Site,PE,1,34.00,0.69,33.77
61,2024-03-08,CLI-0226,Mercearia,,RS,1,194.32,0.00,194.32
62,2024-01-17,CLI-0031,Limpeza,Site,,2,17.47,2.41,34.10
63,2024-08-05,CLI-0016,Higiene,App,,1,19.63,0.06,19.62
64,2024-06-27,CLI-0247,Padaria,Site,PR,5,21.60,8.27,99.07
65,2024-12-19,CLI-0249,Hortifruti,Televendas,,1,38.26,,38.26
66,2024-06-28,CLI-0114,Frios,Site,,1,101.36,1.52,99.82
67,2024-08-27,CLI-0035,Mercearia,Loja,SP,3,,2.33,45.24
68,2024-08-15,CLI-0185,Mercearia,Site,CE,2,222.30,0.00,444.60
69,2024-09-07,CLI-0096,Frios,Loja,MG,6,,9.41,263.18
70,2024-08-19,CLI-0149,Mercearia,,SP,12,,16.47,382.40
71,2024-08-23,CLI-0148,Hortifruti,Loja,RJ,5,16.34,5.35,77.33
72,2024-12-23,CLI-0158,Bebidas,,BA,2,65.56,3.06,127.11
73,2024-10-09,CLI-0009,Bebidas ,Loja,SP,6,2.65,8.27,14.59
74,22/01/2024,CLI-0087,Hortifruti,Site,SC,2,1.90,,3.78
75,2024-09-28,CLI-0146,Padaria,,,3,23.23,2.97,67.62
76,2024-08-03,CLI-0184,Mercearia,Site,,1,4.75,,475.00
77,2024-12-03,  CLI-0245 ,Higiene,Loja,PR,1,,1.41,34.08
78,2024-09-10,CLI-0038,Mercearia,App,SP,6,34.16,7.53,189.53
79,2024-12-25,CLI-0248,Limpeza,Televendas,,3,4.00,2.37,11.72
80,2024-12-18,CLI-0055,Mercearia,App,RJ,2,9.81,,19.45
81,2024-12-11,CLI-0045,Padaria,Loja,MG,2,13.28,1.89,26.06
82,2024-11-25,CLI-0111 ,  Padaria ,Site,GO,3,63.58,3.74,183.61
83,2024-06-15,CLI-0002,Padaria,Site,SP,2,23.17,2.39,45.23
84,2024-05-19,CLI-0011,Mercearia,?,RJ,3,3.46,3.13,10.06
85,2024-09-13,CLI-0086,BEBIDAS,Site,rs,1,4.27,N/A,4.27
86,2024-08-13,CLI-0222,Limpeza,App,RJ,1,4.09,1.29,4.04
87,2024-12-14,CLI-0236,Limpeza,Loja,,3,,2.93,143.07
88,17/05/2024,CLI-0215,Bebidas,App,SP,1,35.95,0.00,35.95
89,2024-07-14,CLI-0132,Limpeza,,PR,2,149.09,3.08,289.00
90,2024-11-19,CLI-0135,Bebidas,Loja,,2,140.77,1.42,277.54
91,2024-04-28,CLI-0060,Mercearia,,PA,5,,6.87,310.03
92,2024-06-29,CLI-0056,Limpeza,Site,AM,2,33.14,,65.37
93,2024-01-16,CLI-0132,Bebidas,Loja,CE,1,2.82,,2.82
94,2024-05-18,CLI-0073,Higiene,Site,PE,2,15.86,1.94,31.10
95,2024-04-06,CLI-0011,Bebidas,App,ES,1,12.08,0.91,11.97
96,2024-07-29,CLI-0055,Bebidas,Site,GO,1,121.84,,119.77
97,2024-06-14,CLI-0121,Mercearia,Loja,RJ,1,,NULL,17.59
98,2024-01-07,CLI-0173,Higiene,-,SP,1,-,1.05,5.22
99,2024-12-23,CLI-0206,Frios,App,MG,3,,-,26.49
100,2024-01-01,CLI-0003,Frios,App,N/A,1,171.12,1.63,168.33
101,2024-09-02,CLI-0004,Padaria,Loja,CE,3,,4.52,69.18
102,2024-03-23,CLI-0248,Limpeza,Loja,PA,1,4.07,,4.06
103,2024-03-16,CLI-0239,Bebidas,App,,6,,9.80,13.58
104,2024-10-08,CLI-0136,Bebidas,Loja,RS,1,6.49,0.36,6.47
105,2024-08-28,CLI-0105,Padaria,,RS,3,,4.38,178.80
106,2024-03-23,CLI-0152,Limpeza,sem informacao,SP ,1,133.04,0.39,132.52
107,2024-07-23,CLI-0021,Limpeza,,PE,2,10.81,2.08,21.17
108,2024-08-25,CLI-0037,Padaria,App,CE,2,56.75,1.49,111.81
109,2024-08-27,CLI-0231,Mercearia,Loja,MG,6,225.32,NULL,1221.59
110,2024-02-05,CLI-0086,Limpeza,App,CE,2,7.10,2.44,13.85
111,2024-05-10,CLI-0075,Higiene,,MG,4,,4.07,493.54
112,2024-05-14,CLI-0065,Mercearia,Loja,SP,3,3.01,,8.88
113,2024-10-18,CLI-0161,Bebidas,App,RJ,2,31.96,null,62.67
114,2024-04-20,CLI-0092,Hortifruti,App,--,3,N/A,3.63,85.17
115,2024-12-25,CLI-0089,Mercearia,,PR,1,NULL,0.00,19.47
116,2024-08-23,CLI-0149 ,Hortifruti,Site,PA,5,67.67,6.58,316.09
117,2024-05-22,CLI-0033,Frios,Loja,SP,3,6.05,,17.41
118,2024-03-02,CLI-0180,Mercearia,Loja,MG,8,,,113.93
119,2024-10-23,CLI-0181,Mercearia,,SP,1,,,14.40
120,2024-11-22,CLI-0224,Limpeza,Loja,SP,3,40.52,4.34,116.28
121,2024-08-17,CLI-0205,Padaria,Site,ES,2,,0.15,137.43
122,2024-11-16,CLI-0099,Hortifruti,App,SC,1,2.87,null,2.86
123,2024-11-12,CLI-0242,Mercearia,Loja,RJ,1,,1.66,38.59
124,2024-07-26,CLI-0072,Limpeza,Loja,RJ,5,,8.33,18.79
125,2024-08-30,CLI-0248,Mercearia,Loja,PA,1,5.12,,5.09
126,2024-05-21,CLI-0089,Hortifruti,,N/A,2,,1.60,29.48
127,2024-06-23,CLI-0155,Limpeza,Site,SC,3,5.60,,16.47
128,2024-04-30,CLI-0070,Bebidas,App,CE,2,2.68,0.00,5.36
129,2024-07-01,CLI-0141,Bebidas,App,,1,21.67,0.09,21.65
130,2024-11-03,CLI-0131,Higiene,Loja,CE,4,3.50,3.40,13.52
131,2024-04-09,CLI-0156,Mercearia,App,RJ,1,,0.83,26.25
132,2024-09-25,cli-0214,Higiene,Site,PE,6,96.13,7.69,532.43
133,2024-03-12,CLI-0243,Bebidas ,Site,?,1,45.25,0.80,44.89
134,2024-12-23,CLI-0159,Mercearia,App,BA,1,?,,3.02
135,2024-10-05,CLI-0151,Hortifruti,App,GO,4,68.77,6.37,257.56
136,2024-05-17,CLI-0053,Limpeza,Loja,PE,1,--,0.64,11.72
137,2024-03-21,CLI-0236,Hortifruti,,SP,1,1.90,1.69,1.87
138,2024-05-05,  CLI-0043 ,Mercearia,,,1,,0.29,100.32
139,2024-11-24,CLI-0062,Hortifruti,App,PE,3,41.93,,122.76
140,2024-05-30,CLI-0085,Mercearia,Televendas,SC,2,3.93,3.10,7.62
141,2024-12-12,CLI-0101,Hortifruti,,PA,2,,2.83,4.72
142,2024-01-24,CLI-0219,Bebidas,Site,RS,1,12.73,0.00,12.73
143,2024-01-28,CLI-0100,Bebidas,Loja,PA,6,,8.17,27.77
144,2024-05-01,CLI-0121,Limpeza,Loja,MG,3,6.83,,19.47
145,2024-07-14,CLI-0037,Bebidas,App,SP,3,,3.45,75.74
146,2024-12-23,CLI-0085 ,Mercearia,Loja,MG,2,,1.72,10.79
147,2024-06-12,CLI-0071,Bebidas,Site,SP,1,75.30,0.00,75.30
148,2024-06-07,CLI-0055,Higiene,?,RS,2,null,3.14,77.74
149,2024-03-13,  CLI-0165 ,Padaria,,RJ,3,,3.53,39.36
150,2024-04-02,CLI-0124,Limpeza,,SP,2,11.99,1.05,23.73
151,2024-03-28,CLI-0108,Mercearia,Loja,SP,4,6.39,6.08,24.01
152,2024-08-30,CLI-0207,Limpeza,Loja,?,1,,0.00,31.81
153,2024-07-24,CLI-0156,Mercearia,,SC,2,47.28,1.24,93.39
154,2024-03-28,CLI-0161,Padaria,,--,4,73.57,3.78,283.16
155,08/03/2024,CLI-0073,Bebidas,App ,BA,2,67.18,2.02,131.65
156,2024-11-15,CLI-0004,Mercearia,Loja,PE,5,236.26,sem informacao,1102.86
157,2024-12-02,CLI-0209,Mercearia,Loja,RJ,2,3.04,2.92,5.90
158,09/08/2024,CLI-0121,Bebidas,,RJ,3,9.29,,26.66
159,2024-09-24,CLI-0054,Frios,Loja,MG,1,7.20,0.99,7.13
160,2024-07-21,CLI-0040,Padaria,App,sem informacao,4,24.00,null,92.83
161,2024-01-08,CLI-0123,Hortifruti,Loja,RJ,1,,0.00,1.91
162,2024-02-05,CLI-0022,Hortifruti,Televendas,RJ,2,9.42,,18.20
163,2024-07-29,CLI-0183,Bebidas,Loja,SP,1,2.59,,2.57
164,2024-05-20,cli-0111,Bebidas,Loja,SP,1,78.78,1.61,77.51
165,2024-05-28,CLI-0116,Bebidas,Loja,AM,3,,,474.32
166,2024-05-31,CLI-0235,Bebidas,App,,1,,0.39,55.69
167,2024-06-06,CLI-0232,Mercearia,Site,,1,5.29,0.00,5.29
168,2024-12-09,CLI-0091,Bebidas,App,RJ,2,10.87,,2138.00
169,2024-12-22,CLI-0201,Hortifruti,Site,SP,1,1.91,0.05,1.91
170,2024-01-11,CLI-0183,Hortifruti,,PR,2,29.38,3.01,56.99
171,2024-03-04,CLI-0141,Hortifruti,Loja,,8,null,10.34,79.12
172,2024-06-14,CLI-0068,Bebidas,,ES,2,157.77,0.46,314.09
173,2024-09-21,CLI-0249,Limpeza,Loja,SP,2,4.61,3.30,8.92
174,2024-07-14,CLI-0074,Mercearia,,,1,24.89,0.00,24.89
175,2024-12-27,CLI-0108,Bebidas,Site,MA,1,2.57,0.13,2.57
176,29/08/2024,CLI-0013,Higiene,Loja,MG,2,,,126.46
177,2024-02-13,CLI-0077,Higiene,App,SP,2,68.43,1.90,134.26
178,2024-10-01,CLI-0219,Bebidas,,RJ,1,147.14,0.15,146.92
179,2024-03-24,CLI-0076,Bebidas,,SP,4,157.02,4.27,601.26
180,2024-03-17,CLI-0047,Mercearia,Televendas,SP,2,3.21,0.55,6.38
181,2024-03-28,CLI-0224,Higiene,Loja,SP,3,,3.37,24.15
182,2024-09-12,CLI-0164,Bebidas,App,CE,1,25.73,,25.73
183,2024-02-01,CLI-0043,Bebidas,null,PE,2,61.85,,122.50
184,2024-02-13,CLI-0087,Frios,,MG,3,11.74,1.95,34.53
185,2024-08-15,CLI-0120 ,Padaria,Site,,1,33.42,0.69,33.19
186,2024-02-03,CLI-0236,Frios,sem informacao,BA,3,99.89,2.15,293.23
187,2024-01-03,CLI-0001,  Hortifruti ,Loja,BA,5,67.49,,310.56
188,2024-11-09,CLI-0167,Bebidas,,SP,2,,1.24,296.89
189,2024-05-03,CLI-0088,Bebidas,App,PA,1,130.58,,130.58
190,2024-10-04,CLI-0245,Higiene,Site,SC,1,,0.81,117.35
191,2024-03-27,CLI-0024,Hortifruti,App,RJ,2,10.66,2.85,20.71
192,2024-12-18,CLI-0035,Bebidas,App,PR,2,,2.21,85.59
193,2024-05-12,CLI-0036,Padaria,Loja,MG,1,1.60,0.00,1.60
194,2024-10-23,CLI-0011,Bebidas,Site,,1,,1.03,2.47
195,2024-03-28,CLI-0168,Mercearia,Loja,PB,2,43.05,2.31,84.11
196,2024-05-20,CLI-0044,Padaria,Site,ES,3,,1.65,4.54
197,02/12/2024,CLI-0122,Hortifruti,Loja,PR,2,,2.67,3.72
198,2024-01-25,CLI-0171,Frios,Loja,AM,8,6.52,-,45.78
199,2024-08-18,CLI-0170,mercearia,,SP,4,8.29,5.72,31.26
200,2024-08-31,CLI-0061,Bebidas,App,,4,,6.24,94.32
201,2024-07-31,CLI-0140,Bebidas,Loja,SP,6,48.54,7.54,269.28
202,2024-08-17,CLI-0048,Bebidas,Loja,SP,1,29.54,1.19,29.19
203,2024-02-27,CLI-0151,Bebidas,App,SP,1,?,NULL,17.95
204,2024-09-21,CLI-0012,Bebidas,,CE,1,?,,95.97
205,13/05/2024,CLI-0182,Padaria,Loja,MG,2,1.52,1.54,2.99
206,2024-12-26,CLI-0038,padaria,App,RS,6,15.53,9.56,84.27
207,2024-11-26,CLI-0114,Bebidas,Loja,BA ,2,,,302.55
208,2024-07-06,CLI-0135,Mercearia,App ,SC,1,7.95,0.00,7.95
209,2024-09-18,CLI-0053,Mercearia,,MG,6,58.86,,325.97
210,2024-04-26,CLI-0011,Hortifruti,App,SP,5,10.00,6.81,46.60
211,2024-11-25,CLI-0115,Limpeza,Site,,3,90.24,2.87,262.95
212,2024-04-08,CLI-0189,Frios,Loja,SP,3,18.29,3.88,52.74
213,2024-05-28,CLI-0249,LIMPEZA,Loja,MA,1,13.88,,13.88
214,2024-10-26,CLI-0242,Bebidas,App,SP,3,70.45,,206.89
215,2024-01-22,CLI-0013 ,Bebidas,Loja,SP,5,162.55,4.80,773.74
216,2024-12-28,CLI-0239,Hortifruti,,GO,2,58.85,2.25,115.05
217,2024-03-08,CLI-0137,Hortifruti,Loja,RJ,2,13.57,0.78,26.93
218,2024-05-30,CLI-0132,Bebidas,App,N/A,3,101.63,3.72,293.55
219,2024-07-22,CLI-0044,Limpeza,Loja,RJ,1,5.39,0.00,5.39
220,09/02/2024,CLI-0213,Frios,,NULL,3,66.16,4.61,189.33
221,2024-02-11,CLI-0084,Higiene,App,MG,1,92.32,0.00,92.32
222,2024-09-01,CLI-0034,Limpeza,Loja,,2,50.56,null,101.08
223,2024-03-11,CLI-0145,Limpeza,Loja,?,1,148.19,0.00,148.19
224,2024-09-01,CLI-0245,Bebidas,,,3,sem informacao,2.76,15.69
225,2024-05-11,CLI-0032,Limpeza ,Loja,--,1,90.83,0.00,90.83
226,2024-04-17,CLI-0068,Limpeza,,RJ,1,5.75,1.48,5.66
227,2024-05-14,CLI-0248,Bebidas,,RJ,4,4.01,,15.44
228,2024-06-10,CLI-0008,Frios,Site,PA,2,57.52,-,112.56
229,2024-08-11,CLI-0245,Padaria,sem informacao,  SP ,6,--,7.60,371.23
230,2024-04-12,CLI-0173,Mercearia,Loja,--,2,,1.45,446.29
231,2024-03-15,CLI-0121,Frios,Site,,4,7.27,5.12,27.59
232,07/06/2024,CLI-0141,Bebidas,Loja,RS,1,19.35,0.00,19.35
233,2024-09-06,CLI-0033,Mercearia,null,SP,1,,,193.81
234,2024-10-10,CLI-0054,Bebidas,Site,BA,8,146.62,11.89,1033.50
235,2024-03-27,CLI-0240,Limpeza,Loja,PE,2,,null,12.64
236,2024-08-17,CLI-0002,Bebidas,,BA,1,50.92,sem informacao,50.55
237,2024-06-17,CLI-0048,Limpeza,,BA,4,148.40,6.27,556.38
238,2024-10-20,CLI-0122,Mercearia,Site,SP,1,42.68,,41.93
239,2024-12-25,CLI-0007,Limpeza,Site,SP,1,65.46,0.00,65.46
240,2024-11-16,CLI-0004,Limpeza,App,CE,1,12.89,NULL,12.89
241,2024-04-16,CLI-0066,Hortifruti,Site,MG,3,1.90,1.96,5.59
242,2024-10-24,CLI-0003,Limpeza,Site,SC,2,155.87,2.52,303.88
243,25/01/2024,CLI-0082,Higiene,?,,4,4.03,6.29,15.11
244,2024-12-06,CLI-0043,Padaria,null,RS,3,13.79,,40.06
245,2024-04-25,CLI-0192,Bebidas,,SP,1,null,,163.04
246,2024-12-06,CLI-0246,Frios,Loja,RJ,10,9.13,,79.38
247,2024-05-01,CLI-0128,  Bebidas ,Site,BA,5,,,11.80
248,2024-08-24,CLI-0100,Limpeza,App,,3,N/A,1.73,166.13
249,2024-06-26,CLI-0227,Hortifruti,,,5,64.59,7.37,299.15
250,05/11/2024,CLI-0117,Bebidas,LOJA,PR,2,,2.91,101.42
251,2024-06-14,CLI-0159,Bebidas,Loja,SP,10,3.75,15.38,31.73
252,2024-09-08,CLI-0136,Frios,Site,SP,1,10.81,0.00,10.81
253,2024-01-15,CLI-0027,Frios,Site,SP,2,16.25,,31.81
254,2024-02-13,CLI-0182,Bebidas,,sp,1,2.73,0.00,2.73
255,2024-11-10,CLI-0106,Mercearia,App,BA,1,3.17,1.52,3.12
256,25/03/2024,CLI-0035,Frios,App,NULL,1,,1.74,8.32
257,2024-01-22,CLI-0080,Mercearia,Site,PB,4,39.50,5.04,150.04
258,2024-01-16,CLI-0236,Higiene,Loja,NULL,4,51.97,NULL,197.22
259,05/03/2024,CLI-0050,Hortifruti,,RJ,1,1.91,0.00,1.91
260,2024-06-30,CLI-0216,Padaria,Loja,RJ,1,-,,4.11
261,2024-10-01,CLI-0146,Hortifruti,App,SP,3,8.87,2.26,26.01
262,10/03/2024,CLI-0172,Frios,--,,3,52.58,1.50,155.37
263,2024-12-07,CLI-0136,Frios,Site,BA,2,117.72,0.56,234.12
264,2024-11-30,CLI-0018,Mercearia,Televendas,ES,4,170.31,4.88,648.00
265,2024-03-12,CLI-0153,Hortifruti,App,  RJ ,4,3.55,4.42,13.57
266,2024-09-17,CLI-0052,Higiene,App,PR,3,41.84,3.81,120.74
267,2024-09-07,CLI-0098,Frios,Loja,PR,3,11.72,3.98,33.76
268,2024-10-12,CLI-0026,Bebidas,,SP,1,174.40,0.71,173.16
269,2024-11-30,CLI-0175,Limpeza,Loja,,1,33.81,1.31,33.37
270,2024-12-21,CLI-0104,Frios,Site,NULL,2,,0.22,12.81
271,2024-10-28,CLI-0019,Mercearia,Site,SP,3,,3.96,20.43
272,2024-08-06,CLI-0175,Mercearia,NULL,PR,4,125.36,4.26,480.08
273,02/04/2024,CLI-0246,Mercearia,Loja,SP,2,141.38,1.38,278.86
274,2024-01-11,CLI-0105,Mercearia,Loja,SP,1,18.31,1.05,18.12
275,2024-01-31,CLI-0074,Higiene,App,,1,30.58,1.26,30.19
276,2024-09-30,CLI-0210,Padaria,Loja,BA,3,20.27,2.81,59.10
277,2024-09-11,CLI-0250,Mercearia,Televendas,RS,6,76.61,null,428.77
278,2024-01-11,CLI-0241,Padaria,Televendas,,3,1.51,3.96,4.35
279,03/06/2024,CLI-0031,Mercearia,Site,ES,2,NULL,1.28,308.93
280,2024-04-06,CLI-0193,Hortifruti,Site,,3,30.68,,87.87
281,2024-08-23,CLI-0044,Frios,Loja,PR,1,6.62,0.00,6.62
282,2024-01-29,CLI-0217,Higiene,Site,-,1,57.56,0.14,57.48
283,2024-03-19,CLI-0107,Bebidas,Loja,MG,3,115.26,2.56,336.93
284,2024-06-01,CLI-0060,Padaria,,SP,1,14.68,,14.68
285,2024-03-08,CLI-0077,Mercearia,App,RJ,2,--,,8.23
286,2024-02-06,CLI-0147,Frios,Loja,SP,1,28.47,0.00,28.47
287,2024-10-28,CLI-0178,Padaria,App,SC,1,1.52,,1.51
288,2024-03-18,CLI-0046 ,Padaria,App,RJ,5,7.38,,34.21
289,11/07/2024,CLI-0150,Bebidas,,SP,4,116.25,6.54,434.59
290,2024-05-15,CLI-0202,Limpeza,Site,?,5,31.72,5.05,150.59
291,2024-01-18,CLI-0058,Hortifruti,App,SP,3,,4.37,191.50
292,2024-05-11,CLI-0014,Hortifruti,Loja,SP,2,5.90,2.42,11.51
293,2024-05-27,CLI-0023,Padaria,Loja,ba,2,29.81,,58.63
294,2024-03-29,CLI-0109,Frios,Site,RJ,4,null,6.05,23.83
295,17/01/2024,CLI-0095,Mercearia,Site,PE,6,,7.21,16.92
296,2024-12-19,CLI-0062,Bebidas,N/A,PR,1,7.59,0.74,7.53
297,2024-06-13,CLI-0250,Limpeza,Loja,GO,3,89.52,4.64,256.10
298,2024-02-19,CLI-0115,Mercearia,Site,SP,1,,,35.82
299,2024-07-28,CLI-0096,Higiene,Loja,sp,3,88.94,2.60,259.88
300,2024-04-16,CLI-0075,Limpeza,Site,RJ,10,4.75,12.96,41.34
301,2024-09-11,CLI-0228,Frios,Loja,SP,4,16.17,4.11,62.02
302,2024-05-22,CLI-0075,Bebidas,Site,MA,2,80.22,1.82,157.52
303,2024-11-23,CLI-0225,Hortifruti,Loja,PA,2,35.33,,68.77
304,2024-03-30,CLI-0250,Mercearia,App,SP,2,13.62,0.79,27.02
305,2024-05-28,CLI-0079,Bebidas,loja,PR,3,,3.76,19.78
306,2024-08-11,CLI-0128,Frios,Site,--,1,N/A,0.00,92.23
307,2024-10-31,CLI-0088,Hortifruti,Site,,1,1.90,0.28,1.89
308,12/12/2024,CLI-0129,Limpeza,Site,,2,108.14,0.86,214.42
309,2024-10-23,CLI-0171,Bebidas,null,?,5,28.17,7.64,130.09
310,2024-01-31,CLI-0058,Limpeza,Televendas,SP,1,4.04,,4.01
311,2024-11-26,CLI-0096,Frios,Site,SP,1,99.14,0.00,99.14
312,2024-11-16,CLI-0047,Hortifruti,Loja,,2,10.20,0.54,20.29
313,2024-10-08,CLI-0163 ,Mercearia,Loja,SP,1,231.14,0.00,231.14
314,2024-10-25,CLI-0210,Frios,  App ,,1,6.00,1.57,5.91
315,2024-02-09,CLI-0122,Mercearia,App,SP,2,4.16,0.66,8.27
316,2024-09-01,CLI-0137,Bebidas,,ES,1,2.74,0.07,2.74
317,2024-02-23,CLI-0081,Padaria,App,RS,1,1.75,1.04,1.73
318,2024-10-26,CLI-0233,Mercearia,Loja,PB,1,159.67,0.00,159.67
319,2024-12-29,CLI-0012,Hortifruti,N/A,SP,1,NULL,0.00,3.63
320,2024-12-19,CLI-0133,Bebidas,Loja,MA,4,107.47,,414.75
321,2024-08-26,CLI-0018,Padaria,,PR,2,16.46,1.91,32.29
322,2024-02-16,CLI-0063,Mercearia ,Site,GO,1,16.37,1.69,16.09
323,2024-01-29,CLI-0076,Padaria,Loja,SC,1,1.50,0.00,1.50
324,2024-12-31,CLI-0012,Hortifruti,site,SP,4,,3.95,83.68
325,2024-08-11,CLI-0168,Frios,App,SP,1,,0.06,193.28
326,2024-09-19,CLI-0155,Limpeza,App,SP,1,null,1.79,150.48
327,2024-05-23,CLI-0018,Bebidas,,-,1,2.96,0.51,2.94
328,2024-03-20,CLI-0112,Mercearia,-,,2,90.82,,177.52
329,2024-12-23,CLI-0160,Mercearia,App,PE,2,42.99,0.21,85.80
330,16/11/2024,CLI-0197,Mercearia,Site,BA,2,,,376.47
331,2024-05-02,CLI-0181,Mercearia,Site,  SC ,2,33.90,0.91,67.18
332,2024-12-13,CLI-0094,Padaria,App,SP,2,,0.75,41.53
333,2024-01-17,CLI-0190 ,Padaria,Loja,SP,2,76.25,2.93,148.03
334,2024-11-21,CLI-0061,Bebidas,Loja,,2,103.34,3.36,199.74
335,2024-12-28,CLI-0148,Limpeza,Site,MG,1,100.45,1.18,99.26
336,2024-01-01,CLI-0071,Bebidas,,RJ,3,16.11,4.18,46.31
337,2024-02-13,CLI-0187,Bebidas,Loja,SP,5,22.40,,105.47
338,2024-04-01,CLI-0217,Limpeza,,SP,4,33.96,4.30,130.00
339,2024-01-26,CLI-0109,Mercearia,,SP,4,,6.33,25.63
340,2024-08-18,CLI-0233,Frios,,RS,4,27.20,3.59,104.89
341,18/02/2024,CLI-0219,Bebidas,Site,ES,2,76.10,0.00,152.20
342,2024-08-10,CLI-0127,Bebidas,Loja,BA,1,11.40,null,11.26
343,2024-08-10,  CLI-0199 ,Mercearia,Loja,,4,199.85,5.76,753.35
344,2024-09-02,CLI-0190,Limpeza,Loja,MG,4,84.00,,316.28
345,2024-07-26,CLI-0204,Hortifruti,Site,SP,2,8.60,1.99,16.86
346,2024-08-12,CLI-0048,Mercearia,Site,RJ,2,,1.39,24.22
347,2024-06-03,CLI-0175,Bebidas,Loja,null,2,156.47,0.00,312.94
348,2024-10-09,CLI-0216,Mercearia,App,RS,8,80.15,,564.00
349,01/04/2024,CLI-0213,Padaria,Loja,MG,2,3.67,,7.10
350,2024-01-21,CLI-0158,Mercearia,Loja,SP,4,135.77,5.00,515.93
351,2024-09-07,CLI-0165,Limpeza,,SP,8,,11.33,45.82
352,2024-06-29,CLI-0077,Limpeza,NULL,SP,4,,5.97,32.08
353,2024-01-10,CLI-0048,Bebidas,Site,MG,2,3.83,0.09,7.65
354,2024-01-16,CLI-0228,Hortifruti,App,RS,1,,1.63,62.78
355,2024-07-10,CLI-0052,Higiene,,GO,2,88.34,1.92,173.29
356,2024-12-19,CLI-0156,Mercearia,Televendas,,1,84.90,1.48,83.64
357,2024-11-07,CLI-0246,Bebidas,,PE,1,143.06,0.00,143.06
358,2024-01-27,CLI-0096,hortifruti,Loja,PR,8,25.76,11.07,183.27
359,2024-05-15,CLI-0056,Bebidas,Site,N/A,3,38.63,2.25,113.28
360,2024-08-24,CLI-0230,Limpeza,App,SC,1,15.99,0.00,15.99
361,2024-03-30,CLI-0102,Limpeza,-,n/a,2,21.48,1.10,42.49
362,2024-04-26,CLI-0134,Hortifruti,,--,4,2.04,,7.73
363,2024-08-11,CLI-0211,Bebidas,Loja,MA,2,101.70,1.36,200.63
364,2024-06-14,CLI-0102,Hortifruti ,Televendas,rj,2,N/A,1.36,39.12
365,2024-07-12,CLI-0028,Limpeza,Loja,CE,1,14.61,0.00,14.61
366,2024-03-13,CLI-0247,Bebidas,Loja,ES,1,131.81,0.80,130.76
367,2024-12-13,CLI-0101,Mercearia,Loja,CE,1,18.27,1.15,18.06
368,2024-01-15,CLI-0161,Bebidas,Site,,3,7.98,3.26,23.16
369,2024-08-19,CLI-0014,Mercearia,Televendas,SP,2,4.13,3.15,8.00
370,2024-11-12,CLI-0018,  Limpeza ,Televendas,GO,4,5.43,5.45,20.54
371,2024-12-31,CLI-0144,Bebidas,Site,GO,2,86.73,1.18,171.41
372,2024-06-15,CLI-0091,Padaria,Loja,MA,1,46.65,,46.65
373,2024-05-04,CLI-0125,Hortifruti,Loja,,1,32.97,0.12,32.93
374,2024-03-16,CLI-0027,Mercearia,Loja,SP,1,3.02,0.83,2.99
375,23/10/2024,  CLI-0136 ,Padaria,Loja,--,4,53.12,4.03,203.92
376,2024-02-14,CLI-0150,Limpeza,Site,NULL,3,16.55,2.37,48.47
377,2024-01-22,CLI-0019,Frios,App,MG,4,,6.30,32.65
378,2024-03-25,CLI-0189,Mercearia,null ,BA,2,122.36,0.84,242.66
379,2024-04-04,CLI-0152,Padaria,App,,2,21.42,1.01,42.41
380,2024-05-16,CLI-0180,Limpeza,App,SP,2,25.16,1.09,49.77
381,2024-01-10,CLI-0018,Hortifruti,App,PE,1,,0.00,2.54
382,2024-12-07,CLI-0045,Higiene,--,,1,,0.00,115.08
383,2024-05-23,CLI-0237,  Limpeza ,,SP,1,58.93,NULL,58.93
384,2024-01-10,CLI-0154,Higiene,Loja,GO,3,3.50,4.86,9.99
385,2024-10-29,CLI-0108,Padaria,NULL,GO,1,,0.82,7.01
386,2024-02-06,CLI-0136,Padaria,Loja,SP,3,1.90,4.31,5.45
387,2024-05-21,CLI-0103,Bebidas,Televendas,?,4,74.21,3.48,286.51
388,2024-07-17,CLI-0167,Padaria,App,SC,2,N/A,2.85,2.97
389,2024-09-25,CLI-0055,Higiene,App,MG,2,3.56,,6.88
390,2024-03-06,CLI-0172,Limpeza,,PR,3,,1.82,28.13
391,2024-04-20,CLI-0023,Higiene,Site,MG,2,367.00,2.70,7.14
392,2024-07-13,CLI-0038,Padaria,Site,PA,2,,2.22,6.32
393,2024-07-02,CLI-0137,Limpeza,NULL,PR,1,7.68,,7.66
394,2024-07-17,CLI-0086,Limpeza,Loja,SP,1,143.52,1.62,141.19
395,2024-12-13,CLI-0123,Padaria,Site,RJ,3,3.46,4.35,9.93
396,2024-05-06,CLI-0126,Mercearia,Loja,MG,3,,2.90,164.00
397,2024-07-02,CLI-0086,Bebidas,Site,,1,,0.00,37.86
398,2024-01-21,CLI-0093,Limpeza,,SP,3,null,1.57,71.43
399,2024-11-26,CLI-0222,Limpeza,  App ,CE,2,,2.09,261.28
400,2024-03-22,CLI-0179,Higiene,Site,MG,4,5.10,3.33,19.72
401,2024-05-03,CLI-0047,hortifruti,Loja,N/A,1,6.28,0.00,6.28
402,2024-01-04,CLI-0147,Hortifruti ,App,,1,,1.71,48.34
403,2024-11-23,CLI-0199,Mercearia,Loja,,1,45.08,0.00,45.08
404,2024-07-09,CLI-0085,Hortifruti,,RJ,4,4.04,5.25,15.31
405,2024-07-03,cli-0024,Bebidas,,PR,6,11.98,,65.81
406,2024-11-09,CLI-0172,Mercearia,Televendas,NULL,1,29.50,0.61,29.32
407,2024-01-28,CLI-0169,Bebidas,,,1,NULL,,145.20
408,2024-05-20,CLI-0134,Bebidas,  Loja ,SP,1,,1.42,40.54
409,2024-10-27,CLI-0128,Mercearia,Loja,RS,2,116.97,sem informacao,228.79
410,2024-11-26,CLI-0009,Padaria,App,CE,2,20.87,1.83,40.98
411,2024-11-17,CLI-0043,Mercearia,Site,MG,3,4.19,3.28,12.16
412,2024-04-13,cli-0091,Mercearia,App,PA,1,,1.04,71.60
413,2024-09-30,CLI-0091,Limpeza,App,SP,2,143.74,,280.90
414,2024-09-09,CLI-0030,Limpeza,Loja,SP,1,97.21,0.00,97.21
415,2024-09-12,CLI-0052,Bebidas,App,sem informacao,3,,1.98,519.49
416,2024-01-16,CLI-0228,Padaria,,CE,1,39.38,,39.38
417,2024-04-22,CLI-0125,Limpeza,Site,N/A,2,12.31,2.55,23.99
418,2024-02-20,CLI-0010,Mercearia,Loja,BA,1,3.01,0.00,3.01
419,2024-02-29,CLI-0178,Padaria,,MG ,5,63.96,5.87,301.03
420,2024-12-17,CLI-0071,Padaria,Site,PA,2,,,22.57
421,2024-07-20,CLI-0179,Hortifruti,App,PA,1,1.91,0.44,1.90
422,2024-07-25,CLI-0120,Frios,Loja,RS,3,6.62,2.25,19.41
423,2024-03-29,CLI-0185,Mercearia,sem informacao,BA,1,78.51,1.38,77.43
424,2024-09-23,CLI-0065,Mercearia,?,SP,1,3.04,0.00,3.04
425,2024-07-19,CLI-0120,Mercearia,,PR,6,75.95,8.22,418.24
426,2024-12-09,CLI-0098,Bebidas,Site,PE,6,,8.11,175.82
427,2024-07-09,CLI-0096,Bebidas,App,SP,1,N/A,1.51,12.32
428,03/02/2024,CLI-0125,Limpeza,Site,PE,3,22.24,4.72,63.57
429,2024-08-18,CLI-0043,Mercearia,App ,RJ,1,210.90,0.29,210.29
430,16/04/2024,CLI-0073,Frios,Loja,MA,1,9.05,0.00,9.05
431,2024-02-29,CLI-0034,Limpeza,App,SP,1,4.10,1.12,4.05
432,2024-03-14,CLI-0082,Hortifruti,Loja,RJ,2,19.21,2.86,37.32
433,2024-04-10,CLI-0009,Mercearia,Site,PA,4,NULL,4.11,217.98
434,04/02/2024,CLI-0218,  Hortifruti ,,BA,1,,0.54,40.73
435,2024-12-21,CLI-0172,Mercearia,,,1,,0.00,13.44
436,2024-01-07,CLI-0027,Bebidas,App,RJ,2,10.88,0.37,21.68
437,2024-07-25,CLI-0042,Mercearia,Site,CE,8,,10.72,1462.48
438,2024-06-21,CLI-0188,Bebidas,App,,3,34.78,,100.19
439,2024-07-19,CLI-0200,Frios,,SC,1,70.51,,70.51
440,2024-02-22,CLI-0244,Limpeza,Site,PA,6,115.84,,643.68
441,2024-08-13,CLI-0113,Limpeza,,PA,1,157.82,0.00,157.82
442,2024-04-13,CLI-0127,Frios,Loja,,2,null,,230.59
443,2024-09-30,CLI-0174,Frios,,,1,6.07,,6.07
444,2024-05-11,CLI-0101,Padaria,,SP,5,--,,391.79
445,2024-05-19,CLI-0193,Padaria,sem informacao,MG,2,,0.18,27.07
446,2024-05-16,CLI-0204,Limpeza,Site,RJ,6,138.56,8.80,758.20
447,2024-06-26,CLI-0038,Higiene,Site,,1,32.80,0.00,32.80
448,2024-12-16,CLI-0048,Hortifruti,Site,SP,4,52.98,3.81,203.85
449,2024-06-15,CLI-0183,Limpeza,,,3,90.89,4.42,260.62
450,2024-06-04,CLI-0183,Padaria,Loja,SP,5,27.99,,128.33
451,2024-09-11,CLI-0187,Hortifruti,Site,,2,2.00,--,3.87
452,2024-07-30,CLI-0152,Mercearia,,SP,1,,,208.15
453,2024-08-19,CLI-0247,Bebidas,Loja,RJ,2,5.66,,11.10
454,2024-03-09,CLI-0222,Padaria,Loja,,3,13.60,null,38.89
455,2024-01-31,  CLI-0146 ,Bebidas,,,2,38.62,N/A,76.20
456,2024-03-02,CLI-0046,Frios,,GO,1,37.53,0.55,37.32
457,2024-03-16,CLI-0124,Higiene,Loja,MG,4,5.83,null,22.50
458,2024-07-30,CLI-0021,Limpeza,Loja,AM,12,123.51,18.00,1215.34
459,2024-12-24,  CLI-0045 ,Mercearia,,MA,1,25.48,0.00,25.48
460,2024-02-06,CLI-0078,Mercearia,  Site ,PA,10,,?,52.21
461,10/05/2024,CLI-0155,Limpeza,Loja,,2,21.60,1.98,42.34
462,2024-12-24,CLI-0185,Frios,,PE,4,35.02,4.02,134.45
463,2024-09-12,CLI-0099,Frios,Site,CE,2,157.67,0.49,313.79
464,2024-09-01,CLI-0090,Limpeza,Loja,SP,3,74.30,3.95,214.10
465,2024-07-26,CLI-0151,Limpeza,Loja,SP,5,,5.75,653.39
466,2024-02-27,CLI-0126,Bebidas ,,MG,1,12.87,0.00,12.87
467,2024-08-07,CLI-0097,Higiene,,NULL,1,7.48,0.00,7.48
468,2024-03-20,CLI-0025,Padaria,Site,MG,4,,3.63,25.71
469,2024-10-13,CLI-0208,Hortifruti,NULL,BA,6,1.92,,10.78
470,2024-08-11,CLI-0027 ,Frios,,SP,2,12.51,N/A,2417.00
471,2024-11-03,CLI-0062,bebidas,Loja,MG,1,48.35,1.36,47.69
472,2024-06-21,CLI-0096,Limpeza,Loja,SP,2,12.10,,23.90
473,2024-01-18,CLI-0085,Padaria,Site,N/A,10,16.94,,144.52
474,2024-02-25,CLI-0008,Mercearia,Loja,,6,,6.67,29.29
475,2024-05-31,CLI-0071,Mercearia,App,,1,,0.56,9.87
476,2024-10-16,CLI-0070,Bebidas,Loja,SP,10,87.27,,738.22
477,2024-08-07,CLI-0193,Mercearia,Loja,MG,3,3.76,3.78,10.85
478,2024-06-13,CLI-0166,Mercearia,App,--,1,,?,12.69
479,22/05/2024,CLI-0204,Limpeza ,Loja,,4,,4.36,229.50
480,2024-06-03,CLI-0232,Limpeza,Site,SP,1,6.76,0.00,6.76
481,2024-01-10,CLI-0024,Hortifruti,,SP,3,42.52,2.18,124.78
482,2024-05-20,CLI-0190,Hortifruti,App,RJ,3,62.01,,181.23
483,21/08/2024,CLI-0150,Limpeza,Site,SP,1,48.43,0.63,48.12
484,2024-08-17,CLI-0063,Padaria,Loja,MG,1,1.50,--,1.49
485,2024-10-29,CLI-0206,Limpeza,Loja,MG,6,28.45,7.19,158.43
486,2024-12-14,CLI-0054,Padaria,Televendas,SP,3,58.94,5.03,167.93
487,2024-07-19,CLI-0065,Bebidas,Loja,sem informacao,2,,0.53,58.79
488,2024-04-06,CLI-0221,Bebidas,Loja,NULL,1,19.15,0.30,19.09
489,2024-07-23,CLI-0239,Limpeza,,SP,2,5.73,2.70,11.15
490,2024-07-05,CLI-0079,Limpeza,,SP,1,6.47,1.12,6.40
491,2024-09-12,CLI-0029,Bebidas,Loja,MG,1,75.29,,75.29
492,2024-08-01,CLI-0158,FRIOS,,SP,4,24.49,?,9468.00
493,28/09/2024,CLI-0050,Hortifruti,Site,RJ,5,21.10,,97.15
494,2024-08-23,CLI-0172,Limpeza,Site,sem informacao,1,,1.51,17.92
495,2024-07-31,CLI-0072,Frios,Televendas,PB,1,6.13,0.56,6.10
496,2024-12-06,CLI-0121,Hortifruti,Televendas,,1,11.31,0.01,11.31
497,2024-09-17,CLI-0056,Limpeza,Loja,CE,1,119.67,0.00,119.67
498,23/03/2024,CLI-0101,Bebidas,Site,SC,5,11.75,5.30,55.64
499,2024-07-17,CLI-0185,Padaria,Site,RJ,3,3.62,1.88,10.66
500,2024-03-18,CLI-0204,Mercearia,App,SP,2,126.33,,246.12
501,2024-09-30,CLI-0087,Mercearia,Site,RS,4,99.91,3.43,385.93
502,2024-01-29,CLI-0245,Limpeza,App,--,1,,0.00,9.46
503,03/12/2024,CLI-0202,Bebidas,App,,1,2.52,0.00,2.52
504,2024-11-25,CLI-0026,Padaria,Site,,3,sem informacao,,224.54
505,2024-06-12,CLI-0126,Hortifruti,Loja,null,1,null,0.00,20.37
506,2024-03-26,CLI-0176,Limpeza,Site,,5,4.00,6.62,18.68
507,2024-12-24,CLI-0117,Bebidas,App,MG,4,2.62,4.06,10.05
508,2024-01-14,CLI-0155,Hortifruti,App,SP,2,61.41,0.28,122.48
509,2024-04-08,CLI-0071,Limpeza,,,8,17.94,13.03,124.82
510,2024-03-11,CLI-0137,Bebidas,Loja,GO,3,40.00,,117.68
511,2024-11-08,CLI-0243,Frios,Televendas,PR,1,,1.52,36.15
512,2024-05-29,CLI-0153,Hortifruti,NULL,PB,1,3.25,0.00,3.25
513,2024-10-18,CLI-0201,Bebidas,Loja,N/A,1,NULL,0.00,8.15
514,2024-11-08,CLI-0225,Hortifruti,Site,CE ,2,2.68,2.13,5.25
515,2024-04-14,CLI-0075,Mercearia,Televendas ,PE,1,12.52,0.00,12.52
516,2024-12-28,CLI-0010,Limpeza,NULL,SP,4,82.22,3.71,316.68
517,2024-09-11,CLI-0085,Frios,Loja,,4,6.01,4.96,22.85
518,08/09/2024,CLI-0066,Mercearia,Site,MG,4,,6.18,275.53
519,2024-01-06,CLI-0206,Bebidas,,CE,2,,1.51,22.04
520,2024-08-14,CLI-0020,Mercearia,,SP,10,3.81,16.45,31.83
521,2024-03-30,CLI-0055,Bebidas,Loja,BA,1,73.19,1.17,72.33
522,20/12/2024,CLI-0208,Padaria ,App,PB,2,26.88,NULL,53.48
523,2024-06-06,CLI-0133,Hortifruti,App,,1,8.55,1.20,8.45
524,2024-09-14,CLI-0097,Limpeza,Site,N/A,1,18.00,1.28,17.77
525,15/02/2024,CLI-0201,Mercearia,Loja,,5,,,687.92
526,2024-08-11,CLI-0204,Bebidas,,,1,35.77,,35.77
527,2024-11-05,CLI-0161,Limpeza,Loja,--,6,-,7.74,481.49
528,2024-02-09,cli-0244,Mercearia,?,PE,1,23.23,0.00,23.23
529,26/12/2024,CLI-0219,Higiene,sem informacao,SP,2,16.33,3.37,31.56
530,2024-07-07,CLI-0175,Bebidas,Loja,ES,2,165.86,0.46,330.19
531,28/08/2024,CLI-0239,Mercearia,Loja,SP,1,,1.07,26.65
532,2024-07-06,CLI-0230,Higiene,Televendas,PR,4,,4.30,25.11
533,2024-04-01,CLI-0140,Hortifruti,Loja,,2,,1.69,12.03
534,2024-06-28,CLI-0182,Mercearia,App,RJ,3,43.19,4.64,123.56
535,2024-11-26,CLI-0013 ,Mercearia,,MG,2,12.43,2.91,24.14
536,28/07/2024,CLI-0200,Bebidas,Loja,,3,sem informacao,3.91,33.87
537,2024-03-06,CLI-0071,Frios,Loja,RJ,3,,4.02,70.37
538,2024-03-29,CLI-0063,Bebidas,Site,,2,10.10,2.69,19.66
539,2024-06-30,CLI-0060,Bebidas,Site,MG,4,2.79,5.10,10.59
540,2024-04-15,CLI-0153,Mercearia,?,PE,1,13.76,1.31,13.58
541,2024-01-31,CLI-0167,Bebidas,App,,5,137.24,6.36,642.56
542,2024-10-11,CLI-0117,Bebidas,Loja,SP,1,104.10,1.32,102.73
543,2024-06-13,CLI-0222,Padaria,Loja,NULL,4,,3.13,5.81
544,2024-03-24,CLI-0106,Mercearia,Televendas,MG,5,3.01,7.94,13.86
545,2024-04-28,CLI-0196,Mercearia,App,CE,3,3.00,3.50,8.69
546,2024-01-02,CLI-0190,Bebidas,Loja,,1,,,80.24
547,2024-07-18,CLI-0142,Frios,Loja,MG,8,,12.82,601.19
548,2024-11-19,CLI-0196,Bebidas,Loja,SP,4,2.59,6.61,9.68
549,2024-06-30,CLI-0215,Limpeza,,,1,,0.43,4.05
550,2024-08-19,CLI-0243,Padaria,Loja,RJ,1,,0.00,82.48
551,2024-02-22,CLI-0181,Frios,,CE,3,6.00,4.80,17.14
552,2024-04-03,CLI-0181,Mercearia,App,SP,5,43.30,5.19,205.26
553,2024-09-28,CLI-0097,Bebidas,App,PR,5,?,5.31,643.28
554,02/06/2024,CLI-0233,Padaria,Loja,MA,5,1.81,8.34,8.30
555,2024-05-09,CLI-0071,Limpeza,Loja,BA,1,NULL,,6.04
556,09/06/2024,CLI-0215,Limpeza,,,8,,10.40,431.30
557,2024-03-15,CLI-0074,Hortifruti,Loja,PA,2,18.67,2.73,36.32
558,2024-03-18,CLI-0053,Mercearia,App,SP,3,5.28,4.46,15.13
559,03/01/2024,CLI-0216,Mercearia,Loja,BA,2,26.46,1.75,51.99
560,2024-07-04,CLI-0037,Mercearia,Loja,PA,4,,,11.56
561,27/02/2024,CLI-0142,Frios,,,2,6.19,3.13,11.99
562,2024-11-05,CLI-0073,Limpeza,Site,SP,3,6.00,1.57,17.72
563,2024-06-16,CLI-0118,Bebidas,,SP,2,66.59,2.48,129.88
564,2024-10-25,CLI-0141,Higiene,Loja,SP,2,104.81,2.38,204.63
565,2024-05-17,CLI-0149,Padaria,Loja,SP,1,14.63,1.06,14.47
566,2024-07-11,CLI-0133,Mercearia,Site,CE,10,73.46,,636.02
567,2024-01-15,CLI-0220,Hortifruti,Loja,RS,4,,5.08,87.48
568,2024-09-01,CLI-0005,Padaria,Loja,,2,,3.37,40.74
569,2024-12-22,CLI-0236,Hortifruti,Loja,RS,1,,0.54,41.14
570,2024-03-19,CLI-0007,Padaria,,SP,2,,,2.91
571,2024-03-05,CLI-0031,Bebidas,Site,RJ,1,,0.00,2.53
572,2024-12-16,CLI-0247,Padaria,Loja,sem informacao,2,12.45,,24.85
573,2024-04-17,CLI-0011,Higiene,,GO,2,139.42,2.42,272.09
574,2024-08-15,CLI-0126,Bebidas,,,1,null,0.00,8.94
575,2024-05-19,CLI-0006,Padaria,Loja,NULL,2,3.81,2.28,7.45
576,2024-05-10,CLI-0024,Bebidas,App,SP,4,,5.42,105.44
577,2024-12-04,CLI-0195,Bebidas,loja,PR,5,2.62,,12.43
578,2024-01-20,CLI-0053,Bebidas,App,SP,3,14.46,4.70,41.34
579,06/05/2024,CLI-0172,Frios,Site,RJ,5,133.59,--,627.41
580,2024-09-16,CLI-0195,Padaria,App,GO,1,,,47.33
581,2024-08-04,CLI-0131,Bebidas,Loja,,1,9.91,0.00,9.91
582,2024-01-18,CLI-0027,Bebidas,?,PR,1,,0.82,17.19
583,2024-05-01,CLI-0054,Mercearia,App,SP,1,37.15,,36.53
584,2024-01-09,CLI-0117,Higiene,,SP,5,N/A,5.66,359.86
585,2024-12-25,CLI-0017,Higiene,,RJ,8,4.61,,32.06
586,2024-02-03,CLI-0171,Mercearia,,RJ,1,76.24,1.78,74.88
587,2024-03-29,CLI-0208,Mercearia,Loja,RJ,3,4.22,3.99,12.15
588,2024-03-03,CLI-0100,Hortifruti,Loja,,1,35.35,,35.35
589,2024-08-17,CLI-0130,Hortifruti,Site,,2,18.63,0.50,37.07
590,2024-01-20,CLI-0205,Bebidas,Site,ES,2,149.73,1.90,293.77
591,2024-05-13,CLI-0194,Frios,,MG,1,12.33,0.00,12.33
592,2024-05-09,CLI-0087,Frios,Loja,SP,2,-,1.45,29.96
593,2024-07-23,CLI-0250 ,bebidas,App,SP,2,163.64,,324.53
594,2024-09-21,CLI-0208 ,Higiene,Loja,BA,8,15.73,12.07,110.65
595,2024-10-01,CLI-0115,Mercearia,Loja,PB,2,102.18,1.77,200.74
596,2024-12-10,CLI-0248,Limpeza,Loja,RJ,1,4.52,null,4.47
597,31/10/2024,CLI-0249,Limpeza,App,ES,2,69.70,0.51,138.69
598,2024-12-29,CLI-0145,Limpeza,Loja,BA,1,,0.00,7.25
599,2024-04-30,CLI-0032,Higiene,,SP,1,3.88,0.40,3.86
600,2024-11-21,CLI-0141,Padaria,Site,PB,5,38.99,7.43,180.47
601,07/10/2024,CLI-0156,Higiene,app,SP,8,55.98,13.14,388.99
602,2024-09-11,CLI-0227,Bebidas,null,,1,4.56,0.00,4.56
603,29/08/2024,CLI-0092,Limpeza,,,5,30.91,7.90,142.34
604,2024-10-13,CLI-0250,Padaria,Site,BA,5,87.89,7.69,405.66
605,2024-12-10,CLI-0001,  Bebidas ,,PE,1,6.17,0.52,6.14
606,2024-08-13,CLI-0250,Mercearia,N/A,SC,4,43.07,5.08,163.53
607,2024-01-08,CLI-0056,Higiene,,SP,1,3.87,0.00,3.87
608,2024-08-13,CLI-0041,Bebidas,Site,MG,1,89.50,0.00,89.50
609,2024-03-30,CLI-0211,Limpeza,Loja,SP,8,,,325.72
610,2024-08-14,cli-0231,Bebidas,Site,,3,8.55,4.59,24.47
611,2024-12-28,CLI-0078,Bebidas,App,CE,1,102.01,1.21,100.78
612,2024-02-07,CLI-0113,Limpeza,App,RS,1,4.87,,4.80
613,2024-09-18,CLI-0137,Mercearia,Loja,MG,1,167.89,0.00,167.89
614,2024-02-22,CLI-0165,Bebidas,Loja,,4,,6.63,9.56
615,2024-07-04,CLI-0246,Padaria,-,-,1,45.18,0.00,45.18
616,2024-08-03,CLI-0042,Frios,App,,1,66.81,,66.81
617,2024-03-15,CLI-0022,Mercearia,App,,1,3.00,0.00,3.00
618,2024-04-16,CLI-0095,Higiene,,?,2,sem informacao,,195.80
619,2024-09-23,CLI-0032,Padaria,Site,ES,1,20.44,0.83,20.27
620,2024-02-08,  CLI-0225 ,Mercearia,App,SP,3,112.94,2.60,330.01
621,2024-01-02,CLI-0200,Padaria,App,CE,6,3.30,7.23,18.37
622,2024-01-17,CLI-0202,Limpeza,SITE,,1,4.06,0.87,4.02
623,2024-09-21,CLI-0007,Frios,Site,PB ,1,15.15,0.00,15.15
624,2024-06-30,CLI-0226,Bebidas ,SITE,BA,2,67.83,2.21,132.66
625,2024-07-24,CLI-0232,Limpeza,,SP,1,4.26,1.00,4.22
626,2024-02-15,CLI-0033,Hortifruti,Loja,?,1,8.49,0.00,8.49
627,2024-07-20,CLI-0243,Limpeza,Site,RJ,1,,0.00,4.77
628,15/05/2024,CLI-0227,Mercearia ,Loja,RS,1,,0.73,2.98
629,2024-09-17,CLI-0211,Limpeza,Loja,PR,5,4.39,7.83,20.23
630,2024-04-17,CLI-0048,Bebidas,Site,go,2,3.34,1.58,6.57
631,2024-05-24,  CLI-0202 ,Padaria,Site,PE,1,6.64,0.00,6.64
632,20/01/2024,CLI-0101,Bebidas,Site,,1,47.69,0.00,47.69
633,03/08/2024,CLI-0245,Higiene,Loja,SP,2,,,168.01
634,2024-06-23,CLI-0190,Frios,Site,,2,6.00,,11.92
635,2024-12-19,CLI-0232,Bebidas,Televendas,PR,6,,9.68,46.01
636,2024-05-05,CLI-0241,Bebidas,App,ba,1,127.28,1.03,125.97
637,2024-09-16,CLI-0194,Frios,Loja,PR,3,6.55,4.84,18.70
638,18/11/2024,CLI-0149,Mercearia,Site,,1,3.08,0.10,3.08
639,2024-12-29,CLI-0124,Limpeza,Loja,,2,55.41,0.21,110.59
640,2024-08-19,CLI-0211 ,Frios,Site,SP,2,,2.77,33.33
641,2024-08-08,CLI-0069,Bebidas,App,SP,10,10.00,,87.03
642,2024-05-27,CLI-0075,Mercearia,App,RJ,1,19.35,0.58,19.24
643,2024-06-11,CLI-0162,Mercearia,App,MG,3,5.06,4.39,14.51
644,2024-11-20,CLI-0121,Limpeza,Loja,MG,1,35.92,,35.91
645,2024-10-14,CLI-0034,Limpeza,,PE,2,141.76,1.53,279.18
646,2024-11-17,CLI-0169,Padaria,App,,2,30.60,,60.82
647,2024-09-29,CLI-0017,Bebidas,NULL,SP,1,3.23,1.44,3.18
648,2024-10-16,CLI-0187,Frios,Site,RJ,2,53.39,1.53,105.15
649,2024-01-03,CLI-0013,Padaria,Site,MG,2,18.33,2.50,35.74
650,2024-09-12,CLI-0249,Higiene,,RS,1,3.50,,3.47
651,2024-12-02,CLI-0205,Mercearia,,,1,228.99,0.00,228.99
652,2024-07-26,  CLI-0226 ,LIMPEZA,Site,SP,3,,2.15,307.23
653,2024-08-26,CLI-0224,Mercearia,,RJ,3,38.89,4.38,111.56
654,2024-05-27,CLI-0154,Limpeza,Loja ,BA,1,,0.00,98.73
655,2024-06-30,CLI-0022,Frios,Site,,1,25.21,0.07,25.19
656,2024-10-17,CLI-0249,Padaria ,App,SP,2,null,2.48,3.00
657,07/09/2024,  CLI-0060 ,Limpeza,,PB,2,4.00,0.76,7.94
658,2024-09-15,CLI-0211,Padaria,Site,CE,3,,3.74,9.93
659,2024-12-19,CLI-0072,Frios,Loja,SC,2,168.90,2.48,329.42
660,2024-12-14,CLI-0099,Mercearia,App,RJ,3,185.56,1.92,545.99
661,2024-01-08,CLI-0043,Mercearia,Loja,PR,1,,0.00,11.76
662,2024-06-19,CLI-0060,Frios ,Site,SP,3,76.59,,221.82
663,2024-07-23,CLI-0141,Bebidas,Site,,2,29.06,1.39,57.31
664,2024-11-27,CLI-0142,Bebidas,Loja,SP,2,NULL,0.67,4.99
665,2024-06-17,CLI-0056,Limpeza,App,SP,3,4.01,2.58,11.72
666,2024-09-10,CLI-0165,Mercearia,Loja,RS,1,3.07,0.00,3.07
667,2024-03-14,CLI-0182,Mercearia,APP,MG,3,27.12,,78.55
668,2024-10-23,CLI-0030,Limpeza,App,rs,2,72.31,1.78,142.05
669,2024-01-07,CLI-0081,Mercearia,Site,GO,1,21.55,0.48,21.45
670,2024-01-15,CLI-0180,Hortifruti,Loja,SP,1,,,17.10
671,2024-11-22,CLI-0106,Frios,APP,,4,11.05,4.18,42.35
672,2024-05-16,CLI-0060,  Mercearia ,-,SP,2,,1.85,6.30
673,2024-02-14,CLI-0163,Higiene,Loja,RS,2,22.80,2.79,44.33
674,2024-08-11,CLI-0141,Higiene,Site ,,6,,9.46,19.23
675,2024-10-20,CLI-0033,Limpeza,,PB,1,4.12,0.00,4.12
676,2024-02-12,CLI-0151,Frios,Loja,ES,3,57.42,3.78,165.75
677,2024-01-21,CLI-0173,Frios,Site,null,4,null,5.51,408.84
678,2024-10-30,CLI-0228,Bebidas,Loja,RJ,2,4.94,2.10,9.67
679,2024-02-12,CLI-0233,Higiene,Site,,1,11.31,,11.31
680,2024-11-27,CLI-0055,Limpeza,Loja,SP,4,4.11,4.83,15.65
681,2024-12-23,CLI-0139,Bebidas,Site,ES,3,62.77,2.01,184.52
682,2024-09-02,CLI-0222,Higiene,Site,-,1,118.91,0.00,118.91
683,2024-09-02,CLI-0085,Mercearia,Site,PB,2,143.71,2.02,281.61
684,2024-03-28,CLI-0189,Bebidas,App,,1,,1.44,49.18
685,2024-11-09,CLI-0194,hortifruti,App,MG,3,3.97,4.42,11.38
686,2024-05-24,CLI-0046,Higiene,Loja,?,2,,,94.69
687,2024-09-04,CLI-0236,Mercearia,,BA,1,165.01,0.00,165.01
688,2024-08-22,CLI-0097,BEBIDAS,Loja,RJ,2,2.50,1.98,4.90
689,2024-02-19,CLI-0017,Frios,,,4,27.58,4.05,105.85
690,2024-04-10,CLI-0037,Limpeza,Loja,BA,8,54.86,,391.44
691,2024-01-06,CLI-0213,Hortifruti,App,PR,1,1.93,0.00,1.93
692,18/04/2024,CLI-0136,Higiene,,,1,61.19,0.79,60.71
693,2024-03-10,CLI-0179,Bebidas,,SP,2,56.18,,110.69
694,2024-08-02,cli-0024,Bebidas,Loja,SP,1,61.71,0.86,61.18
695,2024-03-12,CLI-0060,Hortifruti,App,SP,3,12.00,1.73,35.38
696,2024-03-11,CLI-0086,Higiene,Site,SC,1,101.62,,100.56
697,2024-10-19,CLI-0150,Bebidas,Loja,,3,63.37,1.98,186.35
698,2024-02-17,CLI-0073,Bebidas,Loja,,4,,6.03,36.54
699,13/03/2024,CLI-0207,Bebidas,Site,RJ,3,11.48,,33.87
700,2024-07-20,CLI-0114,Bebidas,Loja,RJ,1,63.38,0.00,63.38
701,2024-04-29,CLI-0191,Frios,App,SP,5,10.15,null,47.36
702,2024-10-05,CLI-0178,Limpeza,Site,MG,2,4.69,0.67,9.32
703,2024-04-01,CLI-0096,Limpeza,Loja,SP,1,89.03,,87.45
704,2024-01-28,CLI-0127,Higiene ,null,,2,,3.02,35.77
705,2024-09-20,CLI-0040,Hortifruti,,CE,1,,0.00,58.06
706,2024-07-09,CLI-0034,Frios,,RJ,4,52.53,3.13,203.54
707,2024-11-28,CLI-0060,Mercearia,Loja,,2,44.39,3.42,85.74
708,2024-07-13,CLI-0127,Limpeza,App,GO,1,4.00,0.72,3.97
709,22/01/2024,CLI-0111,Frios,App,sp,3,,,87.61
710,2024-11-09,CLI-0141,Hortifruti,Loja,BA,1,9.47,1.61,9.32
711,2024-04-18,CLI-0158,Limpeza,?,?,3,52.52,NULL,154.46
712,2024-12-20,CLI-0154,Mercearia,Loja,,1,3.45,1.11,3.41
713,2024-04-11,CLI-0082,Hortifruti,Site,CE,3,7.35,4.53,21.05
714,2024-05-05,CLI-0024,Padaria,Site,MG,3,--,1.88,5.21
715,2024-03-25,CLI-0229,Higiene,Site,NULL,8,69.23,null,494.03
716,2024-03-22,CLI-0236,Bebidas,App,,1,2.50,-,2.50
717,2024-06-26,CLI-0136,Bebidas,Loja,RS,1,3.39,,3.39
718,2024-02-22,CLI-0243,Hortifruti,,,1,14.07,,14.07
719,2024-04-02,CLI-0163,Mercearia,,,2,91.25,0.22,182.10
720,16/06/2024,CLI-0013,Bebidas,Site,,3,2.50,3.12,7.27
721,2024-11-22,CLI-0047,Higiene,App,PE,2,,--,55.37
722,2024-01-03,CLI-0236,Padaria,  Loja ,ES,1,,,20.18
723,2024-04-14,CLI-0218,Mercearia,Loja,RS,2,,,26.59
724,03/10/2024,CLI-0025,Mercearia,Site,,2,25.07,2.78,48.75
725,2024-02-27,CLI-0059,Bebidas,Loja,BA,4,10.28,4.36,39.33
726,2024-05-15,CLI-0162,Mercearia,Televendas,SP,1,63.77,,63.27
727,2024-07-12,CLI-0018,Mercearia,,,2,sem informacao,0.30,270.23
728,2024-02-25,CLI-0154,Bebidas,App,MG,12,5.43,17.84,53.54
729,2024-09-20,CLI-0167,Bebidas,Site,BA,1,154.22,0.00,154.22
730,2024-09-06,CLI-0184,Mercearia,  App ,SP,3,28.97,?,85.48
731,2024-06-14,CLI-0105,Mercearia,-,BA,1,15.45,N/A,15.36
732,2024-01-07,CLI-0105,Limpeza,Loja,PA,1,100.10,0.00,100.10
733,2024-02-27,CLI-0243,Bebidas,Site,MG,8,17.38,,122.49
734,2024-12-01,CLI-0181,Frios,,NULL,2,202.61,1.85,397.72
735,2024-09-30,CLI-0020,Mercearia,,BA,3,--,NULL,167.93
736,2024-09-20,CLI-0108,Mercearia,Loja,SP ,3,105.75,,310.24
737,2024-01-01,CLI-0177,Mercearia,App,,1,51.26,0.00,51.26
738,2024-08-17,CLI-0105,  Frios ,Loja,PA,2,,0.71,12.31
739,06/07/2024,CLI-0143,Mercearia,App,,1,138.42,0.00,138.42
740,2024-11-13,CLI-0007,Mercearia,Loja,,1,77.88,1.79,76.49
741,2024-11-30,CLI-0146,Limpeza,App,SP,4,4.09,5.64,15.44
742,2024-10-14,CLI-0088,Mercearia,Loja,BA,10,26.82,sem informacao,230.81
743,2024-05-20,CLI-0125,Bebidas,,PR,3,111.97,4.72,320.06
744,2024-03-12,CLI-0087,Padaria,Site,PE,1,72.53,,72.53
745,2024-09-17,CLI-0092,Padaria,,,2,12.17,2.73,23.68
746,2024-12-23,CLI-0144,Bebidas,Loja,MG,2,59.79,,116.32
747,2024-03-17,CLI-0069,Padaria,,SC,1,2.94,0.00,2.94
748,2024-07-29,CLI-0136 ,Padaria,Loja,SP,3,1.59,3.54,4.60
749,2024-02-27,CLI-0083,Higiene,Loja,PR,1,8.25,,8.17
750,2024-10-04,CLI-0117,Mercearia,App,MG,3,61.89,2.66,180.73
751,2024-03-25,CLI-0162,Hortifruti,Televendas,SP,1,18.94,N/A,18.94
752,2024-11-06,CLI-0083,Bebidas,Site,SP,2,-,0.48,55.13
753,20/08/2024,CLI-0015,Limpeza,Site,RJ,8,4.16,,29.41
754,2024-12-11,CLI-0085,Higiene,App,BA,3,49.49,4.72,141.46
755,2024-03-01,CLI-0166,Mercearia,Loja,,1,,,3.08
756,2024-09-20,CLI-0230,Frios,App,RS,3,139.13,4.72,397.69
757,2024-02-22,CLI-0071,Mercearia,,,3,36.47,--,106.75
758,2024-08-13,CLI-0115,Hortifruti,Televendas,SP,1,33.39,--,33.39
759,2024-08-10,CLI-0186,Mercearia,Loja,PE,1,8.19,0.17,8.18
760,2024-09-09,CLI-0181,Limpeza,Loja,GO,2,62.82,1.12,124.23
761,20/04/2024,CLI-0082,  Higiene ,Televendas,SP,2,21.57,3.34,41.70
762,2024-04-19,CLI-0052,Bebidas,SITE,SP,4,4.61,5.90,17.35
763,2024-12-23,CLI-0244,Mercearia,Site,SP,4,29.18,6.33,109.33
764,2024-03-18,CLI-0007,Padaria,Site,SC,2,67.10,,134.08
765,2024-04-15,CLI-0166,Limpeza,Loja,null,1,158.10,0.00,158.10
766,2024-02-02,CLI-0091,Bebidas,Loja,,2,31.93,2.95,61.98
767,2024-11-20,CLI-0131,Higiene,Loja,MG,1,16.23,1.70,15.95
768,2024-07-20,CLI-0077,Mercearia,Loja,SP,3,32.06,-,93.84
769,2024-03-08,CLI-0114,Hortifruti,Loja,SP,4,,,7.35
770,2024-12-27,CLI-0090,Hortifruti,Site,BA,4,19.59,6.39,73.35
771,2024-11-24,CLI-0152,Bebidas,,RS,3,88.53,4.54,253.53
772,2024-06-06,CLI-0143,Bebidas,Loja,PE,3,2.69,2.68,7.85
773,2024-04-04,CLI-0083,Padaria,Loja,sem informacao,1,71.13,0.00,71.13
774,31/12/2024,CLI-0166,Limpeza,Loja,SP,1,5.49,0.35,5.47
775,2024-05-13,CLI-0182,Hortifruti,Site,SP ,10,,13.08,20.60
776,2024-07-16,CLI-0019,Frios,Loja,,2,--,-,4616.00
777,2024-06-21,CLI-0088,Limpeza,Loja,GO,1,,?,36.30
778,2024-09-26,CLI-0021,Limpeza,,,1,14.57,-,14.57
779,2024-06-25,CLI-0082,Hortifruti,Site,CE,2,13.75,,26.66
780,2024-05-19,CLI-0154,Mercearia,Loja,SP,1,4.65,0.00,4.65
781,2024-07-29,CLI-0173,Bebidas,Televendas,BA,12,2.83,18.00,27.85
782,02/04/2024,CLI-0040,Bebidas,Loja,PE,1,3.07,0.41,3.06
783,2024-08-22,CLI-0210,Mercearia,Loja,AM,6,,7.13,179.81
784,2024-10-24,CLI-0218 ,Mercearia,Loja,,3,20.01,2.14,58.75
785,2024-07-27,CLI-0054,PADARIA,Site,?,1,,0.38,77.38
786,2024-07-13,CLI-0235,Padaria,App,PR,3,?,2.69,130.49
787,2024-01-07,CLI-0018,Bebidas,Site,SP,4,2.50,4.58,9.54
788,2024-06-23,CLI-0007,Hortifruti,App,CE,2,6.31,1.14,12.48
789,2024-02-23,CLI-0184,Limpeza,Loja,SP,1,,-,22.50
790,2024-07-05,CLI-0196,Limpeza,SITE,MA,3,72.96,4.54,208.94
791,2024-08-24,CLI-0243,Limpeza,App,,8,29.85,,209.69
792,2024-11-09,CLI-0177,Limpeza,App,MG,8,,12.17,831.15
793,2024-06-11,CLI-0200,Higiene,,MG,4,38.11,4.23,145.99
794,2024-01-25,CLI-0184,Bebidas,Loja,,1,,0.00,92.38
795,2024-11-15,CLI-0175,Mercearia,,,4,4.59,,17.70
796,2024-11-18,CLI-0249,Limpeza,,MA,2,76.05,,146.88
797,2024-03-22,CLI-0109,Higiene,,SC,2,,?,47.82
798,2024-03-26,  CLI-0187 ,Mercearia,,SP,4,,6.12,57.98
799,30/07/2024,CLI-0138,Limpeza,App,PB,12,8.35,18.00,82.16
800,2024-10-17,CLI-0218,Hortifruti,Site,SP,2,25.97,-,50.95
801,2024-03-03,CLI-0087,Bebidas,App,,2,23.44,2.91,45.52
802,2024-05-10,CLI-0061,Bebidas,,GO,1,,0.25,2.87
803,2024-04-25,CLI-0009,Limpeza,Site,RJ,1,142.29,1.24,140.53
804,2024-06-09,CLI-0006,Padaria,App,SP,1,75.90,-,74.56
805,2024-03-12,CLI-0244,Mercearia,Loja,SP,2,,2.61,26.53
806,2024-03-11,CLI-0184,Bebidas,Loja,RJ,3,,N/A,207.28
807,2024-05-02,CLI-0149,Bebidas,,PE,6,177.16,8.05,977.39
808,2024-08-19,CLI-0222,Mercearia,Loja,RS,4,,5.57,742.94
809,2024-12-22,CLI-0093,Frios,null,PR,1,65.96,0.92,65.35
810,2024-10-07,CLI-0087,Hortifruti,  Loja ,SP,1,5.99,N/A,5.99
811,2024-08-18,CLI-0068,Padaria,N/A,,3,11.62,,33.56
812,2024-06-15,CLI-0156,  Mercearia ,Loja,CE,2,,1.82,400.34
813,2024-05-19,CLI-0149,Hortifruti,Loja,SP,4,6.77,?,25.84
814,2024-03-14,CLI-0139,Bebidas,,BA,2,-,1.76,166.46
815,2024-08-23,CLI-0178,Bebidas,Site,SP,2,48.14,,94.34
816,2024-11-21,CLI-0074,Bebidas,Loja,SP,1,,null,101.82
817,2024-05-05,CLI-0106,Hortifruti,,CE,2,6.08,1.75,11.95
818,2024-06-07,CLI-0132,Mercearia,Televendas,SP,3,null,N/A,68.75
819,2024-04-02,CLI-0209,Bebidas,Televendas,BA,1,37.92,-,37.92
820,08/02/2024,CLI-0098,Mercearia,Loja,,1,3.19,0.00,3.19
821,2024-01-25,CLI-0064,Bebidas,,,4,2.52,6.41,9.43
822,2024-01-14,CLI-0045,Frios,App,,1,--,0.00,103.98
823,11/12/2024,CLI-0146,Padaria,Site,RJ,3,1.91,sem informacao,5.52
824,2024-08-25,CLI-0132,Limpeza,App,ba,3,4.43,4.65,12.67
825,2024-02-16,CLI-0210,Mercearia,Loja,MA,1,,0.00,53.74
826,2024-12-19,CLI-0040,Mercearia,Loja,ES,2,239.17,2.82,464.85
827,2024-10-23,CLI-0110,Higiene,App,RJ,6,3.59,8.77,19.65
828,2024-08-11,CLI-0166,Hortifruti,Site,MG,2,17.37,,34.71
829,2024-01-28,CLI-0086,Bebidas,sem informacao,PE,1,49.24,1.37,48.57
830,2024-10-28,CLI-0022,Bebidas,sem informacao,SP,1,114.45,0.00,114.45
831,2024-12-02,CLI-0109,Mercearia,Loja,null,2,43.27,0.76,85.88
832,2024-08-16,CLI-0145,Frios,NULL,MG,2,9.21,3.08,17.85
833,2024-01-03,CLI-0195,Padaria,Site,SP,3,,,13.04
834,2024-08-29,CLI-0237,Mercearia,Loja,sp,10,3.01,16.36,25.18
835,2024-05-06,CLI-0056,Higiene,Site,SP,1,N/A,0.00,21.54
836,2024-05-09,CLI-0191,Hortifruti,Loja,RJ,1,2.02,0.70,2.01
837,2024-07-16,CLI-0162,Limpeza,Loja ,MG,1,9.98,null,9.98
838,23/01/2024,CLI-0116,Padaria,Loja,RJ,2,71.76,0.00,143.52
839,2024-03-02,CLI-0099,Limpeza,,,1,4.10,0.50,4.08
840,2024-11-04,CLI-0044,Mercearia,App,PE,8,63.70,,454.67
841,2024-03-02,CLI-0072,Hortifruti,App,,2,18.58,,36.22
842,2024-05-22,CLI-0181,Bebidas,Loja,ES,3,12.57,2.12,36.91
843,2024-04-04,CLI-0192,Mercearia,App,SP,3,,3.43,8.84
844,2024-11-28,CLI-0079,Mercearia,App,ES,3,3.03,2.98,8.82
845,2024-12-01,  CLI-0003 ,Padaria,Loja,mg,1,12.21,1.74,12.00
846,2024-06-27,CLI-0063,Bebidas,,,3,4.71,,13.73
847,2024-11-19,CLI-0040,Bebidas,Loja,RS,4,164.87,,625.65
848,2024-06-21,cli-0024,Limpeza,  Televendas ,SP,4,,?,27.88
849,22/05/2024,CLI-0164,Mercearia,,,2,36.09,0.17,72.06
850,2024-03-29,CLI-0004,Mercearia,-,,6,8.16,7.30,45.39
851,2024-05-10,CLI-0213,Hortifruti,Loja,NULL,8,20.09,11.04,142.98
852,2024-04-09,CLI-0091,Mercearia,Loja,MG,1,-,0.79,17.53
853,2024-10-04,CLI-0166,Limpeza,Loja,CE,1,26.76,,26.76
854,2024-03-11,CLI-0061,Limpeza,App,GO,3,26.92,4.79,76.89
855,2024-09-06,CLI-0119,Padaria,Loja,RJ,1,21.99,,21.99
856,2024-08-14,CLI-0134,Bebidas,Loja,,1,46.65,0.81,46.27
857,2024-05-21,CLI-0155,Frios,Site,SP,4,,3.65,24.63
858,2024-08-30,CLI-0194,Bebidas,,RJ,2,,,5.05
859,2024-07-28,CLI-0062,Bebidas,,RJ,2,13.74,0.00,27.48
860,2024-05-11,CLI-0218,Mercearia,Site,RJ,6,,6.86,57.84
861,2024-06-23,CLI-0219,Mercearia,Site,SP,6,,,320.56
862,2024-05-26,CLI-0021,Frios,Loja,RJ,10,30.67,16.00,257.63
863,2024-02-14,CLI-0183,Hortifruti,Loja,SP,2,9.32,0.82,18.49
864,2024-12-24,CLI-0166,Padaria,App ,RS,1,27.43,-,27.40
865,2024-08-21,CLI-0193,Frios,App,,1,,,18.07
866,2024-02-07,CLI-0202 ,Limpeza,,RJ,5,null,7.90,34.68
867,2024-10-02,CLI-0016,Padaria,Loja,RS,2,50.26,--,99.86
868,23/07/2024,CLI-0243,Bebidas,Loja,N/A,3,2.73,null,7.93
869,2024-08-12,CLI-0088,Bebidas,Site,RS,1,11.83,0.00,11.83
870,2024-01-22,cli-0055,Padaria,Site,,3,15.49,,45.62
871,02/03/2024,CLI-0184,Frios,Loja,,3,40.18,3.02,116.90
872,2024-03-20,CLI-0063,Bebidas,Loja,SP,5,29.34,6.48,137.19
873,2024-04-17,CLI-0131,Higiene,Loja,CE,2,3.54,0.00,7.08
874,2024-02-07,CLI-0086,Bebidas,Loja,,1,6.61,0.18,6.60
875,2024-07-12,CLI-0222,Bebidas,Loja,,6,,,95.69
876,2024-07-22,CLI-0245,Padaria,site,MG,4,59.84,4.53,228.52
877,2024-04-23,CLI-0227,Limpeza,Loja,ES,4,16.21,sem informacao,62.81
878,2024-11-22,CLI-0236,Higiene,,PA,3,81.18,4.39,232.85
879,2024-05-10,cli-0249,Frios,,BA,3,--,2.24,374.37
880,2024-01-31,CLI-0068,Higiene,Loja,,1,16.34,0.00,16.34
881,2024-07-30,CLI-0142,Bebidas,Site,RJ,1,3.37,,3.37
882,2024-04-04,CLI-0035,Padaria,Site,RS,1,1.92,0.00,1.92
883,08/02/2024,CLI-0222,Mercearia,Loja,-,2,40.21,2.47,78.43
884,2024-05-31,CLI-0131,Padaria,App,RS,3,N/A,2.54,8.16
885,2024-10-27,CLI-0174,Bebidas,Loja,GO,3,28.31,1.99,83.24
886,2024-01-06,CLI-0090,Bebidas,Site,RJ,3,,3.88,171.29
887,2024-10-07,CLI-0148,Frios,Site,PR,4,19.46,6.25,72.98
888,2024-08-30,CLI-0197,Frios,Loja,RJ,1,132.31,,132.31
889,2024-01-26,CLI-0021,Mercearia,Loja,N/A,1,3.00,0.20,2.99
890,2024-10-29,cli-0098,Limpeza,Site,null,1,4.84,,4.84
891,2024-06-14,CLI-0239,Mercearia,Loja,RJ,1,,,3.04
892,2024-11-24,CLI-0224,Bebidas,Site,RS,2,43.37,3.44,83.76
893,2024-03-13,CLI-0242,Frios,Site,MG,1,166.59,N/A,166.22
894,2024-11-27,CLI-0138,Padaria,,MG,6,29.10,7.99,160.65
895,2024-10-06,CLI-0035,Bebidas,Loja,MG,3,54.52,2.92,158.78
896,2024-06-27,CLI-0159,Bebidas,App,CE,3,2.50,4.05,7.20
897,2024-05-27,CLI-0106,Higiene,Loja,GO,8,90.98,9.97,655.27
898,2024-01-30,CLI-0056,Mercearia,App,SP,6,12.22,,66.22
899,2024-03-01,CLI-0020,Bebidas,,RJ,6,52.24,8.94,285.42
900,2024-01-11,CLI-0143,Limpeza,Loja,MG,1,148.86,1.57,146.52
901,2024-10-12,CLI-0229,Hortifruti,Loja,SP,6,,--,142.16
902,2024-02-04,CLI-0041,Padaria,Site,PA,6,1.57,6.47,8.81
903,2024-10-04,CLI-0163,Limpeza,App,SC,3,4.19,,12.15
904,2024-12-15,CLI-0111,Limpeza,  Site ,PR,1,21.67,0.00,21.67
905,2024-09-02,CLI-0096,Bebidas,,SP,5,176.32,7.98,811.25
906,2024-12-09,CLI-0189,Bebidas ,-,GO,1,?,0.00,34.22
907,2024-04-24,CLI-0031,Bebidas,Loja,SP,2,75.68,2.48,147.61
908,2024-11-23,CLI-0112,Limpeza,Site,,5,5.56,4.78,26.47
909,24/01/2024,CLI-0198,Padaria,Televendas,SC,1,1.77,0.00,1.77
910,31/08/2024,CLI-0057,Frios,App,,2,,,33.79
911,2024-02-29,CLI-0107,Limpeza,  Loja ,CE,3,25.87,,76.18
912,30/09/2024,CLI-0025,Frios,,PR,1,115.47,1.41,113.84
913,2024-08-07,CLI-0110,Limpeza,NULL,?,1,,-,78.17
914,2024-02-21,CLI-0127,Bebidas,App,,1,11.83,1.68,11.63
915,01/11/2024,CLI-0107,Mercearia,Site,PR,3,null,3.71,93.80
916,14/02/2024,CLI-0085,Bebidas,,RJ,3,2.52,,7.44
917,01/11/2024,CLI-0246,Bebidas,Loja,NULL,2,,0.75,174.46
918,2024-05-22,CLI-0193,Hortifruti,Loja,,2,1.92,2.36,3.75
919,2024-01-31,CLI-0057,Mercearia,Televendas,SP,1,221.37,0.00,221.37
920,2024-10-13,CLI-0247,Mercearia,App,CE,6,135.38,7.26,753.31
921,01/06/2024,CLI-0126,Bebidas,,MG,1,128.38,?,127.02
922,2024-08-29,CLI-0016,Mercearia,Site,,2,,2.04,62.81
923,2024-10-06,CLI-0004,Bebidas,Loja,GO,2,2.51,3.33,4.85
924,09/06/2024,CLI-0234,Bebidas,Loja,CE,2,,-,17.81
925,2024-11-08,CLI-0180,Mercearia,Site,SP,1,67.52,1.35,66.61
926,2024-02-27,CLI-0164,Padaria,,SP,2,?,1.14,4.19
927,2024-04-10,CLI-0089,Padaria,App,,2,,2.37,3.10
928,2024-02-17,CLI-0150,Frios,Televendas,SP,1,,0.00,6.32
929,2024-08-20,CLI-0220,Hortifruti,NULL,GO,1,14.01,0.00,14.01
930,2024-01-10,CLI-0106,Higiene,App,SP,2,19.49,,38.50
931,2024-12-28,CLI-0240,Frios,App,SP,3,6.11,4.16,17.57
932,2024-10-10,CLI-0178,Limpeza,  Site ,SP,1,23.82,,23.82
933,2024-05-10,CLI-0183,Hortifruti,Site ,SP,1,2.17,0.00,2.17
934,02/09/2024,CLI-0249,Bebidas,Loja,MG,1,,,5.99
935,24/10/2024,CLI-0207,Frios,Loja,  GO ,4,57.51,,217.07
936,2024-05-31,CLI-0038,Frios,Loja,,3,171.20,2.02,503.23
937,2024-10-08,CLI-0071,Hortifruti,App,SP,4,24.83,6.52,92.84
938,2024-12-07,CLI-0117,Bebidas,,CE,6,--,null,53.64
939,2024-02-05,CLI-0004,Higiene,Loja,RJ,1,null,sem informacao,136.35
940,2024-10-15,CLI-0188,Mercearia,Site,BA,2,3.04,1.21,6.01
941,2024-07-01,  CLI-0059 ,Limpeza,Loja,CE,4,31.90,5.16,121.02
942,2024-05-17,CLI-0013,LIMPEZA,-,,3,7.60,4.17,21.85
943,2024-04-15,CLI-0098,Padaria,Loja,RJ,4,,5.39,95.40
944,2024-01-18,CLI-0102,Bebidas,Loja,,3,3.75,,11.00
945,2024-11-06,CLI-0052,Hortifruti,Loja,SP,2,2.94,0.02,5.88
946,2024-01-05,CLI-0089,HORTIFRUTI,Loja,BA,2,60.23,2.45,117.51
947,2024-12-04,CLI-0040 ,Mercearia,Loja,BA,1,?,1.10,3.26
948,2024-08-22,CLI-0248,Higiene,Loja,RJ,1,70.35,0.00,70.35
949,2024-01-19,CLI-0170,Padaria,-,SP,1,20.72,0.00,20.72
950,2024-08-09,CLI-0134,Higiene,-,MG,1,76.70,0.00,76.70
951,2024-08-28,CLI-0085,Bebidas,Loja,SC,3,NULL,3.93,7.26
952,2024-06-30,CLI-0051,Mercearia,App,,4,5.39,N/A,20.66
953,2024-02-18,CLI-0137,Mercearia,,BA,6,,6.53,1253.88
954,2024-04-07,CLI-0147,Hortifruti,Loja,SP,8,54.81,12.66,382.97
955,2024-07-06,CLI-0155,Padaria,App,BA,1,1.62,0.00,1.62
956,24/06/2024,CLI-0157,Mercearia,Loja,ES,3,198.98,?,581.12
957,2024-04-25,CLI-0110,Mercearia,App,sp,2,5.04,1.82,9.90
958,2024-06-21,CLI-0164,Hortifruti,Site,MA,4,6.59,6.66,24.60
959,2024-02-29,CLI-0119,Mercearia,null,,1,23.33,,23.33
960,2024-03-25,CLI-0127,Higiene,App,SP,6,52.39,6.77,293.06
961,2024-11-01,CLI-0028,Bebidas,Loja,BA,6,sem informacao,8.10,14.34
962,2024-02-09,CLI-0003,Padaria,Site,SC,4,16.07,3.32,62.15
963,2024-01-28,CLI-0179,Higiene,Site,RJ,1,81.90,NULL,80.84
964,2024-04-01,CLI-0030,Limpeza,?,PR,1,120.82,0.89,119.74
965,2024-11-29,CLI-0018,Limpeza,Loja,PA,1,65.78,,65.75
966,2024-12-15,CLI-0038,Padaria,Loja,RS,3,14.83,3.39,42.98
967,2024-09-28,CLI-0090 ,Mercearia,,  sem informacao ,1,3.00,0.09,3.00
968,2024-07-16,CLI-0064,Frios,App,BA,1,108.61,1.45,107.04
969,2024-12-07,CLI-0053,Mercearia,Loja,,2,N/A,1.45,80.12
970,2024-01-17,CLI-0250,Mercearia,Loja,PE,5,24.40,,113.25
971,2024-02-07,CLI-0212,Hortifruti,Loja,null,2,56.95,0.00,113.90
972,2024-08-26,CLI-0080,Limpeza,,SP,1,19.74,,19.69
973,2024-03-03,CLI-0011,Bebidas,Site,SP,2,6.57,2.24,12.85
974,2024-03-16,CLI-0138,Bebidas,Loja,pe,2,42.07,2.57,81.98
975,2024-06-19,CLI-0237,Mercearia,Loja,,1,,,16.82
976,2024-04-12,CLI-0033,Bebidas,,MA,4,146.68,3.18,568.06
977,2024-05-28,CLI-0180,Mercearia,Site,SP,2,3.30,?,6.37
978,2024-11-15,CLI-0025,Mercearia,,PE,8,38.95,13.25,270.31
979,2024-01-23,CLI-0128,Limpeza,,,2,26.50,3.23,51.29
980,2024-01-29,CLI-0112,Limpeza,Loja,,2,4.40,,8.67
981,12/09/2024,CLI-0227,Padaria,Televendas,,1,37.90,sem informacao,37.49
982,10/03/2024,CLI-0228,Frios,Site,SP,1,76.86,0.00,76.86
983,2024-01-03,CLI-0042,Frios,Loja,SP,3,14.40,4.36,41.32
984,2024-10-08,CLI-0113,Padaria,App,SP,3,21.81,4.41,62.54
985,2024-03-26,CLI-0070,Padaria,Loja,SP,3,58.65,4.39,168.23
986,2024-06-18,CLI-0104,Frios,,,1,,0.00,22.40
987,2024-06-22,CLI-0160,Padaria,,MG,4,80.54,5.03,305.96
988,2024-09-28,CLI-0173,Limpeza,Loja,SP,4,4.25,4.31,16.27
989,2024-03-16,CLI-0167,Mercearia,App,RJ,8,3.00,9.71,21.67
990,2024-05-05,CLI-0167,Higiene,Site,RJ,1,74.18,0.71,73.65
991,2024-03-21,CLI-0165,Bebidas,App,,1,83.63,1.63,82.27
992,2024-09-15,CLI-0204,Bebidas,Televendas,PE,3,2.51,2.29,7.36
993,2024-10-15,CLI-0037,  Mercearia ,Loja,SC,2,sem informacao,1.94,327.23
994,2024-07-31,CLI-0007,Mercearia,,SP ,3,,5.03,92.88
995,2024-09-01,CLI-0214,Higiene,,MA,12,,?,925.06
996,2024-06-10,CLI-0093,Hortifruti,Loja,PB,1,1.98,0.00,1.98
997,2024-01-04,CLI-0234,Limpeza,Site,GO,2,,null,176.35
998,2024-02-02,CLI-0073,Padaria,Televendas,,5,1.58,6.27,7.40
999,2024-12-10,CLI-0235,Hortifruti,Loja,RJ,3,35.43,4.98,101.00
1000,2024-02-23,CLI-0073,Bebidas,Site,PE,1,8.01,,7.89
